name,location,price,capacity,rating,reviews,description
Park Tavern: The Piedmont Room & Piedmont Garden Tent,"Atlanta, GA",$$,251-300 Guests,4.7,132,"Located in the heart of the city overlooking Piedmont Park, our venues celebrate what Atlanta is all about: city skylines tucked in among the trees and seasonal colors."
Journeyman's Hall,"Atlanta, GA",$$,151-200 Guests,5,3,"Journeyman's Hall is a wedding venue located in South Downtown Atlanta, GA, led by owner Chef Vincent Marra."
Factory Atlanta,"Atlanta, GA",$$$,300+ Guests,5,6,Factory Atlanta is a versatile wedding venue perfect for couples who love to get creative with its industrial-meets-chic property.
Grana,"Atlanta, GA",$$,151-200 Guests,5,1,Grana provides 3 levels of event space with authentic Southern Italian cuisine in a warm and inviting setting.
Hyatt Regency Atlanta Perimeter at Villa Christina,"Atlanta, GA",$$$,300+ Guests,4.6,63,Villa Christina at Hyatt Regency is surrounded by 83 acres of landscaped gardens with captivating views of nature’s beauty.
Ambient + Studio,"Atlanta, GA",$$,251-300 Guests,4.4,9,"Ambient + Studio is a unique wedding venue built in 1910, offering a historic and charming space for events."
Wahoo! Grill,"Decatur, GA",$$,201-250 Guests,5,100,"Wahoo! Grill offers a full-service event team for weddings, receptions, and rehearsal dinners with outstanding staff."
The Kimpton Shane,"Atlanta, GA",$$$,51-100 Guests,0,0,The Kimpton Shane is a boutique hotel featuring stunning architecture and stylish furnishings for intimate weddings.
The White Bull,"Decatur, GA",$$,51-100 Guests,0,0,The White Bull is a restaurant wedding venue specializing in Italian farm-to-table cuisine with an event space.
FORTH Hotel Atlanta,"Atlanta, GA",$$$$,201-250 Guests,0,0,FORTH Hotel Atlanta is a deluxe wedding venue in the Old Fourth Ward with an elegant ballroom and rooftop views.
Ecco Buckhead,"Atlanta, GA",$$$,300+ Guests,0,0,Ecco Buckhead is an elegant restaurant wedding venue in the heart of Atlanta’s Buckhead neighborhood.
Monday Night Brewing: The Garage,"Atlanta, GA",$$,300+ Guests,4.9,14,Monday Night Garage is a charming private event space with high ceilings and ample natural light.
Emory Conference Center Hotel,"Atlanta, GA",$$,300+ Guests,4.8,41,Emory Conference Center Hotel offers versatile and unique surroundings in a convenient location near the airport.
Atlanta Botanical Garden,"Atlanta, GA",$$$,151-200 Guests,4.7,21,The Atlanta Botanical Garden is an urban oasis with lush lawns and verdant tropical foliage.
The Wimbish House,"Atlanta, GA",$$,201-250 Guests,4.9,85,"The Wimbish House is a Victorian-era home in Midtown, known for its elegant events and historic charm."
Historic DeKalb Courthouse,"Decatur, GA",$$,101-150 Guests,4.9,92,Historic DeKalb Courthouse features a white marble courtroom with 20-foot ceilings for elegant weddings.
Epicurean Hotel Atlanta,"Atlanta, GA",$$$,101-150 Guests,5,3,Epicurean Hotel Atlanta is a luxe wedding venue with sleek aesthetics and outdoor event spaces.
SCAD Ivy Hall,"Atlanta, GA",$$,101-150 Guests,4.5,4,SCAD Ivy Hall is a historic wedding venue designed by renowned architect Gottfried L. Norrman.
Renaissance Atlanta Midtown Hotel,"Midtown Atlanta, GA",$$$,300+ Guests,5,2,"Renaissance Atlanta Midtown Hotel is located in the arts and music district, ideal for exploring local attractions."
Wrecking Bar Brewpub,"Atlanta, GA",$$,201-250 Guests,5,9,The Marianna at Wrecking Bar Brewpub is a historic mansion with Victorian-era architecture.
Waldorf Astoria Atlanta Buckhead,"Atlanta, GA",$$$$,51-100 Guests,4.9,7,Waldorf Astoria Atlanta Buckhead offers luxury and Southern charm in a prestigious neighborhood.
Grand Hyatt Atlanta in Buckhead,"Atlanta, GA",$$$,300+ Guests,5,4,Grand Hyatt Atlanta in Buckhead is an urban retreat with state-of-the-art facilities for weddings.
Kimpton Sylvan Hotel,"Atlanta, GA",$$$,101-150 Guests,1,1,"Kimpton Sylvan Hotel is a boutique venue in Buckhead, offering access to sought-after amenities."
Omni Atlanta Hotel at Centennial Park,"Atlanta, GA",,300+ Guests,5,6,Omni Atlanta Hotel at Centennial Park offers banquet and catering services in downtown Atlanta.
42West Entertainment Group,"Atlanta, GA",$$$,251-300 Guests,5,6,42West Entertainment Group blends industrial modernity with refined elegance for special events.
THE TROLLEY BARN,"Atlanta, GA",$$,201-250 Guests,4.2,41,THE TROLLEY BARN is a historic 1889 structure with hardwood floors and a patio area.
Renaissance Concourse Atlanta Airport Hotel,"Atlanta, GA",$$$,300+ Guests,0,0,Renaissance Concourse Atlanta Airport Hotel combines luxury and convenience for wedding events.
Swan Coach House,"Atlanta, GA",$$,101-150 Guests,5,7,"Swan Coach House is a historic space in Buckhead, part of Atlanta’s famed Inman family estate."
Hotel Colee,"Atlanta, GA",$$$,251-300 Guests,0,0,Hotel Colee is an award-winning hotel with modern design and redevelopment accolades.
The Westside Warehouse,"Atlanta, GA",$$,201-250 Guests,5,37,The Westside Warehouse is a converted warehouse with cathedral ceilings in a creative district.
InterContinental Buckhead Atlanta,"Atlanta, GA",$$$,300+ Guests,5,8,"A hotel wedding venue combining classic charm with modern luxury, designed to inspire awe and relaxation."
Callanwolde Fine Arts Center,"Atlanta, GA",$$$,151-200 Guests,4.6,38,A unique wedding venue with a century-long legacy in Atlanta's Druid Hills neighborhood.
Enon Ranch,"Atlanta, GA",$$,251-300 Guests,5,2,A rustic event space offering a countryside setting for weddings and celebrations.
Pristine Chapel Lakeside,"Jonesboro, GA",$$,251-300 Guests,4.8,103,A luxe ceremony and reception venue offering sweeping views and outdoor spaces.
Kimball Hall,"Roswell, GA",$$,151-200 Guests,5,162,A newly renovated venue with indoor and outdoor ceremony sites and a brand new courtyard.
The Atrium,"Norcross, GA",$$,101-150 Guests,4.9,151,A contemporary wedding venue with a mezzanine level overlooking a two-story glass atrium.
Primrose Cottage,"Roswell, GA",$$,300+ Guests,4.9,272,An enchanting three-story home situated on a stately front lawn in Historic Roswell.
Naylor Hall,"Roswell, GA",,201-250 Guests,5,173,A grand old dame brought into the 21st century with a complete makeover.
Roswell Historic Hall,"Roswell, GA",$$,300+ Guests,4.3,49,"An event venue offering spaces for weddings, graduations, and other celebrations."
Brick and Ivey,"Marietta, GA",$$,151-200 Guests,5,99,A wedding venue with exposed white brick walls and separate event spaces.
Ivy Hall,"Roswell, GA",$$$,201-250 Guests,4.9,89,A historic venue with a rich Southern history and natural surroundings.
Little Gardens,"Lawrenceville, GA",$$,251-300 Guests,4.9,215,A serene wedding venue with indoor and outdoor spaces and lush gardens.
Flint Hill,"Norcross, GA",$$,251-300 Guests,4.8,205,A beautifully restored historic mansion with landscaped grounds.
Olde Towne Special Events,"Atlanta, GA",$$,251-300 Guests,5,66,A full-service events facility with a backdrop of style for weddings.
Country Club of Roswell,"Roswell, GA",$$,201-250 Guests,4.7,23,A versatile venue accommodating both intimate and large-scale celebrations.
Vecoma At The Yellow River,"Snellville, GA",$$,251-300 Guests,4.9,199,A waterfront wedding venue offering discounts for off-season weddings.
Stanley House Mansion,"Marietta, GA",$$,101-150 Guests,5,48,A stunning wedding venue with a rich history and classic Southern charm.
The 173 Carlyle House,"Norcross, GA",$$,300+ Guests,4.8,109,A beautiful turn-of-the-century mansion with manicured grounds.
The Foxglove,"Marietta, GA",$$,300+ Guests,5,3,A characterful venue in the heart of Marietta's historic district.
Huntcliff River Club,Atlanta Area,$$,101-150 Guests,4.9,30,A charming venue surrounded by century-old river oaks and manicured lawns.
Roswell Mill Club,"Roswell, GA",$$,151-200 Guests,4.8,41,"A historic venue rebuilt in 1882, offering a cherished piece of Southern history."
Eden Garden House,"Atlanta, GA",$$$,151-200 Guests,0,0,A garden house facility perfect for special events with renovated spaces.
Whitestone Reserve,"Austell, GA",$$,101-150 Guests,5,21,A stunning new wedding venue with natural lighting and neutral tones.
Chattahoochee Nature Center,"Roswell, GA",$$,151-200 Guests,4.8,38,A nature-focused wedding venue allowing couples to connect with nature.
Westin Atlanta Airport,"Atlanta, GA",,300+ Guests,4,4,A convenient wedding venue near Hartsfield-Jackson International Airport.
The Reserves at Hamilton Homes,"Mableton, GA",$$$,101-150 Guests,5,1,A wedding venue with gorgeous sunset views and timeless interiors.
Brumby Hall & Gardens,"Marietta, GA",$$,151-200 Guests,4,2,A historic wedding venue and home to the Marietta Gone with the Wind Museum.
Ashton Gardens Atlanta by Walters Wedding Estates,"Sugar Hill, GA",$$$,251-300 Guests,4.8,476,A premier wedding venue with a glass chapel and serene landscapes.
Conservatory at Waterstone,"Acworth, GA",$$,201-250 Guests,4.9,102,A historic banquet hall offering all-inclusive wedding solutions.
The Cotton Gin at Mill Creek,"Hiram, GA",$$,151-200 Guests,5,96,An all-inclusive wedding venue with a no-fee guarantee and proven planning experience.
The Wildflower Barn at Little River Farms,"Alpharetta, GA",$,101-150 Guests,5,81,"A historic, family-owned barn renovated for weddings with an all-white interior and distressed white brick wall."
Little River Farms,"Alpharetta, GA",$$,201-250 Guests,4.9,188,A peaceful retreat near Atlanta offering outdoor event spaces for weddings and special events.
Payne Corley House,"Duluth, GA",$$,151-200 Guests,5,190,A restored farmhouse offering a tranquil retreat with picturesque grounds for celebrations.
The Grande At Kennesaw,"Kennesaw, GA",$$,201-250 Guests,4,10,A charming Victorian-style farmhouse on 2.5 acres of landscaped gardens.
Venue 92,"Woodstock, GA",$$,151-200 Guests,4.9,89,"A flexible venue accommodating various wedding visions, from romantic gardens to lively parties."
Che\'ne Rouge,"Hiram, GA",$$,151-200 Guests,4.9,7,A premier wedding venue offering elegance for sophisticated weddings.
Douglasville Conference Center,"Douglasville, GA",$$,300+ Guests,3,1,A conference center with elegant spaces and downtown location for weddings and events.
SomeTheme Weddings & Events,Metro Atlanta and Surrounding Areas,$$$,51-100 Guests,5,6,A venue offering timeless elegance with 11-foot windows for natural light.
TPC Sugarloaf,"Duluth, GA",$$$,201-250 Guests,5,36,An elegant clubhouse with a ceremony lawn overlooking a golf course.
Foxhall Resort,"Douglasville, GA",$$$,201-250 Guests,4.2,63,"A picturesque resort offering a full weekend experience on 1,100 acres."
Genesis Ballroom,"Suwanee, GA",$$,251-300 Guests,5,1,An opulent wedding venue blending elegance with contemporary and industrial styles.
Hilton Alpharetta Atlanta,"Alpharetta, GA",$$,251-300 Guests,5,2,A full-service hotel offering modern spaces for weddings and events.
Kite Manor Events & Studio,"Fayetteville, GA",$$$,51-100 Guests,5,1,"A unique venue with modern indoor and rustic outdoor spaces, including pools."
Atlanta Marriott Alpharetta,"Alpharetta, GA",$$,300+ Guests,5,2,A luxurious hotel for sophisticated and memorable wedding events.
Vines Mansion & Gardens,"Loganville, GA",$$,300+ Guests,4.6,31,A mansion with gardens offering an open vendor policy for flexible wedding planning.
St Ives Country Club,"Johns Creek, GA",$$$,201-250 Guests,4.7,14,A country club with a stone clubhouse on a high point offering stunning views.
Breckinridge Banquet Hall,"Duluth, GA",$$,101-150 Guests,4.8,27,An upscale venue for intimate to large-scale wedding celebrations.
The Grand Ivy Point,"Suwanee, GA",$$,300+ Guests,3,2,"A premier venue for weddings, quinceañeras, and corporate events with ample space."
Cherry Hollow Farm,"Chattahoochee Hills, GA",$$,151-200 Guests,5,6,"A unique indoor/outdoor venue with two bars, a stage, and dressing rooms."
Atlanta Cosmopolitan Event Center,"Douglasville, GA",$,300+ Guests,0,0,"A venue offering everything needed for a dream wedding, located near Atlanta."
Governors Towne Club,"Acworth, GA",$$,201-250 Guests,4.2,13,An elegant venue with a golf course and sophisticated spaces for weddings.
Hazlehurst House,"McDonough, GA",$$,251-300 Guests,4.8,54,A wedding venue on three acres for intimate celebrations with indoor and outdoor spaces.
Carl House,"Auburn, GA",$$$,201-250 Guests,4.8,185,A historic home offering elegance for wedding celebrations with beautiful grounds.
The Wheeler House and Barn,"Ball Ground, GA",$$,251-300 Guests,4.9,117,A rustic barn venue with Southern charm for countryside weddings.
Koury Farms Weddings & Events,"Auburn, GA",$$,151-200 Guests,5,110,A unique venue offering detailed planning and a picturesque setting for weddings.
Bullock Springs Manor,"Dallas, GA",$$,151-200 Guests,4.4,16,A premier barn and farm venue with a white-washed barn and landscaped gardens.
The Venue at Stillwater Pond,"Temple, GA",$$,151-200 Guests,5,1,A stunning venue on 53 acres with views of forestry and green pastures.
In The Woods,"Rockmart, GA",$$$,201-250 Guests,5,23,A state-of-the-art wedding venue on a secluded property with rustic charm.
Bradford House and Gardens,"Flowery Branch, GA",$$,101-150 Guests,5,42,A classic Southern home on seven acres near Lake Lanier for all-inclusive weddings.
The Engine Room,"Monroe, GA",$,300+ Guests,4.9,32,A unique venue offering historical elegance with modern convenience for weddings.
Vinewood Stables,"Newnan, GA",$$$,201-250 Guests,4.9,88,"Vinewood Stables is a historic homestead and wedding venue located in the quaint community of Newnan, GA. This idyllic property's crowning gem is the original farmhouse."
Lillian Gardens,"Newnan, GA",$$$,151-200 Guests,5,37,"Lillian Gardens is a full-service event venue dedicated to providing professional planning services for all special occasions, while ensuring unique client experiences in a spacious mansion and garden."
Lanier Islands Weddings,"Buford, GA",$$$,300+ Guests,4.7,170,"Lanier Islands Weddings provides breathtaking backdrops, world-class amenities, and an incredible variety of venues, all within reach."
Fendley Farmstead LLC,"Canton, GA",$$,151-200 Guests,5,114,"Fendley Farmstead, LLC is a picturesque farm wedding venue located in Canton, GA. Nestled in the scenic countryside of rural Georgia, this estate provides historic settings and expansive pastures."
The Gathering at Golden Creek,"Bremen, GA",$$$,201-250 Guests,0,0,"Situated on 23 acres of peaceful property, The Gathering at Golden Creek is a wedding venue located in Bremen, GA. The numerous event spaces throughout this venue make it the perfect place to celebrate."
Hi-Def Events,"Newnan, GA",$$,251-300 Guests,5,11,Hi-Def Events offers a modern yet timeless event venue setting ideal for wedding celebrations. The Avondale location is only a short drive from downtown Atlanta.
Mystic Acres Barn,"Griffin, GA",$$,251-300 Guests,0,0,"Mystic Acres Barn is a beautiful wedding venue located in Griffin, GA. Its origin story is rooted in a daughter's dream to have her wedding on her family farm."
Cherokee County Conference Center @ The Bluffs,"Canton, GA",,251-300 Guests,5,3,"Over 8,000 sq ft of conference space, Four configurable conference floor areas, Sutali Room (75 Dining Seats), Warluskee Room (150 Dining Seats), Sequoyah Room (275 Dining Seats), Advanced technology."
Four Oaks Manor,"Buford, GA",$$,101-150 Guests,4.7,50,"Four Oaks Manor is a garden wedding venue located in Buford, GA. We plan weddings and events at our amazing historic farmhouse, circa 1900."
"The Venue at Sharp Mountain, LLC","Jasper, GA",$$$,251-300 Guests,5,53,"The Venue at Sharp Mountain, LLC is a wedding and events venue located in Jasper, GA. Voted The Knot Best of Weddings, WeddingWire Couples' Choice, and Georgia Business Journal Best of Regional winner."
The Willows Farm,"Marble Hill, GA",$$,201-250 Guests,5,96,"The Willows Farm is a country event venue that hosts weddings and other special occasions. This picturesque property is nestled in the rolling hills of Georgia, amid 300 pastures."
White Laurel Estate,"Dawsonville, GA",$$$,151-200 Guests,5,39,White Laurel Estate is a former equestrian farm now transformed into a beautiful wedding venue with onsite accommodations and fully customizable all-inclusive packages.
The Georgia Club,"Statham, GA",$$$,251-300 Guests,4.8,5,"The Georgia Club is a one-of-a-kind wedding venue in Statham, GA. An outdoor wedding garden, an indoor ceremony location, two reception venues with customizable floor plans for up to 300 people."
Stone Creek Inn,"Rockmart, GA",$$,101-150 Guests,4.9,8,"Stone Creek Inn is a charming wedding venue nestled on 20 acres of rugged wooded land, green meadows, and a tranquil creek. The inn promises a picturesque setting for romantic occasions."
Harrells Vineyard,"Newnan, GA",$$,300+ Guests,0,0,"Harrell’s Vineyard is a serene and picturesque wedding venue in Newnan, GA. Nestled on 30 acres just outside of Atlanta, this family-owned vineyard blends history, natural beauty, and Southern charm."
The Farm at River’s Edge,"Dawsonville, GA",$$,51-100 Guests,0,0,"The Farm at River’s Edge is the perfect destination for an unforgettable river wedding. Spanning 32 acres of breathtaking farmland, our venue seamlessly blends natural beauty with rustic charm."
Sage Cottage,"Adairsville, GA",$$,151-200 Guests,4.6,11,"Sage Cottage is the premier wedding venue in North Georgia, where your dream wedding becomes a reality. On 13 picturesque, wooded acres, our venue offers cozy cottage charm and timeless elegance."
Autumn Oaks of Winder,"Winder, GA",$$,101-150 Guests,5,2,"Autumn Oaks of Winder is a charming wedding venue perfect for hosting your celebration. Owned by Charles Howard, it offers a space where loved ones can gather in a picturesque setting."
Swan Lake Overlook,"Dawsonville, GA",$$$,251-300 Guests,5,11,"Swan Lake Overlook is a modern and elegant wedding venue nestled in the countryside of Dawsonville, GA. The estate sits on over 200 acres of gorgeous natural landscape and offers many exciting amenities."
Gaither’s at Myrtle Creek Farm,"Covington, GA",$$,151-200 Guests,5,3,Gaither’s at Myrtle Creek Farm is a historic setting for weddings and other special events. This county-owned venue exudes rustic charm and natural beauty.
Hightower Falls,"Cedartown, GA",$$,251-300 Guests,4.9,92,"Hightower Falls is a picturesque wedding venue located in Cedartown, Georgia. With a natural 80 ft. waterfall and a historic 1850's gristmill ruins, this venue offers a unique and breathtaking setting."
"Thompson House & Gardens, 9 Oaks Farm, & 2425 Warehouse","Monroe, GA",$$,151-200 Guests,4.9,68,"The Thompson House and Gardens is a stunning vintage Victorian home built in 1888 in Bogart, Georgia. It embraces nature and elegance, offering a unique setting for weddings and events."
The Sixty Two,"Madison, GA",$$,151-200 Guests,5,2,"The Sixty Two is a unique wedding venue in Atlanta, GA, that sets the stage for the celebration of a lifetime. The venue offers a luxurious space where you and your guests can make magical memories."
2400 On The River,"Ranger, GA",$$$,201-250 Guests,4.9,35,"2400 On The River is a rustic riverfront wedding venue located near Calhoun, GA. Surrounded by the foothills of the Appalachian Mountains and overlooking the Coosawattee River, this peaceful retreat offers a serene setting for weddings."
Twin Ponds at Riverbend,"Plainville, GA",$$,151-200 Guests,5,1,A breathtaking wedding venue setting the stage for couples to create unforgettable memories with a relaxed atmosphere.
"Bogle Farm, LLC","Greenville, GA",$$$,251-300 Guests,4.9,45,An idyllic wedding venue offering access to nature and a sense of a micro-resort for guests.
The Chapel Athens,"Athens, GA",$$$,251-300 Guests,5,17,"A pristine downtown estate for weddings, engagements, and anniversaries with fairytale-like settings."
1051 Baxter,"Athens, GA",$$,251-300 Guests,5,1,"A brand new events facility in the heart of Athens, GA, capable of hosting up to 300 guests."
Juliette Chapel,"Dahlonega, GA",$$,51-100 Guests,5,36,An ideal venue for intimate weddings and private celebrations.
Falling Waters Mountain Lodge,"Ellijay, GA",,,5,1,A rural retreat located near Ellijay’s downtown and 90 minutes from Atlanta.
Summit Farm Weddings,"Ellijay, GA",$$,101-150 Guests,4.9,112,An enchanting countryside event venue with panoramic views of the Appalachian Mountains.
Ott Vineyards and Winery,"Ellijay, GA",$$,,0,0,A family-owned-and-operated venue set on 20 lush acres with scenic views.
255 Milledge | Hardeman-Sams Estate,"Athens, GA",$$$,151-200 Guests,4.9,118,A historic estate offering extraordinary celebrations in the heart of Athens.
Ivy & Oak,"Talking Rock, GA",$$,151-200 Guests,5,35,A chic and elegant barn venue with a bridal house.
27 on Park,"Dahlonega, GA",$$$,51-100 Guests,5,3,A boutique hotel offering serenity and city charm in the mountains.
Strawberry Roan Farm's Barn,"Dahlonega, GA",$$,101-150 Guests,5,1,A rustic-chic barn perfect for beginning your marriage journey.
The Lodge at Taylor Estate,"Rome, GA",,Up to 350 Guests,5,2,A newly-built elegant venue with bi-fold doors for indoor-outdoor experiences.
Georgian Hall,"Athens, GA",$$$,201-250 Guests,5,103,"A historic site ideal for wedding ceremonies, receptions, showers, and rehearsal dinners."
The Venue on Broad,"Athens, GA",$$,201-250 Guests,5,4,A unique venue combining old New Orleans vibe with industrial architecture.
The Falls at Blue Ridge,"Blue Ridge, GA",$$$$,251-300 Guests,4.3,4,A stunning venue offering breathtaking views and rustic-luxe spaces.
CeNita Venue at CeNita Vineyards & Winery,"Cleveland, GA",$$,151-200 Guests,4.9,49,A wedding venue overlooking vineyards in the foothills of Northeast Georgia.
Cloverleaf Farm,"Arnoldsville, GA",$$,300+ Guests,4.9,72,A stunning farm venue with unexpected furnishings and incredible surroundings.
South Elm Events,"Commerce, GA",$$,101-150 Guests,5,1,A venue for fairytale weddings with breathtaking ceremonies and elegant receptions.
Yonah Mountain Vineyards,"Cleveland, GA",$$$,201-250 Guests,4.9,49,A charming vineyard offering indoor and outdoor event spaces for romantic weddings.
Grant Hill Farms,"Commerce, GA",$$,201-250 Guests,5,68,A peaceful farmland venue perfect for weddings and events.
Cormiston Farms,"Clarkesville, GA",$$$,101-150 Guests,5,4,A scenic country wedding venue in the Nacoochee Valley.
Fall Line Station,"Macon, GA",$$$,300+ Guests,4.9,13,Macon’s newest industrial-chic wedding and event venue.
Enotah Valley Event Center,"Blairsville, GA",$$,51-100 Guests,5,5,A rustic setting for weddings owned by a couple with over 30 years of marriage.
Valhalla Resort Hotel,"Helen, GA",$$,51-100 Guests,5,2,A resort with an elegant ambiance reminiscent of an Old World Scottish Castle.
Wynnewood Grove,"Lexington, GA",$$,251-300 Guests,0,0,A historic and romantic wedding venue on a ten-acre farm.
Butler Hall Events,"Gray, GA",$$,201-250 Guests,5,1,A historic wedding venue restored from a large car garage.
McEachin Farm,"Danielsville, GA",$$,101-150 Guests,5,2,A stunning wedding venue in the heart of farm country.
Overlook 55,"Young Harris, GA",$$$$,151-200 Guests,5,7,A captivating wedding venue blending rustic charm with timeless elegance.
Walnut Hill Farm,"Dalton, GA",$$,300+ Guests,4.8,16,A venue offering classic Southern elegance with mountain views.
Brasstown Valley Resort & Spa,"Young Harris, GA",$$$,151-200 Guests,4.9,79,"Breathtaking mountain views, unique venues, an 18-hole championship golf course, a full-service spa, and horseback riding."
The Estate at Stone Creek,"Macon, GA",$$,201-250 Guests,4.8,5,A historic setting with over 100 acres of beautiful landscape.
Rustic Vows,"Mineral Bluff, GA",$$,51-100 Guests,0,0,A barn-style setting for intimate wedding events.
Bend of The River,"Hiawassee, GA",$$,Not specified,0,0,A tranquil wedding venue on Lake Chatuge with a 100-foot waterfall.
The Ridges Resort on Lake Chatuge,"Hiawassee, GA",$$$,201-250 Guests,4.9,46,A lakeside resort surrounded by the Blue Ridge Mountains with a grand ballroom.
Currahee Club,"Toccoa, GA",$$$,101-150 Guests,5,10,Offers serene lake and mountain views with a blend of sophistication and rustic charm.
Lake Rabun Hotel & Restaurant,"Lakemont, GA",$$,101-150 Guests,5,2,"Features two covered decks, a wood-burning fireplace, and a cozy indoor gas fireplace."
Meadows at Mossy Creek,"Cleveland, GA",$$$$,251-300 Guests,5,39,A stylish and contemporary venue with indoor and outdoor spaces.
The Dogwood Barn at G5Ranch,"Milledgeville, GA",$$$,300+ Guests,5,16,"A rustic barn on over 600 acres, ideal for romantic events."
Hawkesdene,"Andrews, NC",$$$,101-150 Guests,5,58,A private mountain estate located in Western North Carolina.
Tryphena's Garden,"Fort Valley, GA",$$,151-200 Guests,4.9,18,A fairytale-like venue near Atlanta and Macon.
Splendor Mountain,"Tiger, GA",$$,51-100 Guests,4.7,27,An intimate wedding venue in the Blue Ridge Mountains.
Cloudland at McLemore Resort,"Rising Fawn, GA",$$$,251-300 Guests,4.2,6,"A magical escape at 2,300 feet above sea level with breathtaking views."
Windsong Willows,"Hayesville, NC",$$,101-150 Guests,5,3,A charming venue offering an authentic nature-based wedding experience.
Skull Shoals Park,"Washington, GA",$$,300+ Guests,0,0,An outdoor venue surrounded by natural beauty.
Tiger Mountain Vineyards,"Tiger, GA",$$$,101-150 Guests,5,1,A boutique winery offering a romantic vineyard backdrop.
Kingsland Farm,"Hawkinsville, GA",$$,151-200 Guests,5,1,A picturesque and reclusive wedding venue in the countryside.
Forest Hill Park,"Perry, GA",$$,51-100 Guests,4.9,21,"Features a white wedding chapel, train car, and covered bridge."
The Icehouse Dublin,"Dublin, GA",$$,300+ Guests,0,0,"A unique, restored warehouse blending Southern and urban styles."
The Partridge Inn,"Augusta, GA",$$$,101-150 Guests,3.7,3,"An elegant, historic hotel for milestone celebrations."
Padgett's Farm,"Waynesboro, GA",$$$$,251-300 Guests,5,1,"A gem on 610 acres, perfect for country weddings."
Augusta Marriott Hotel & Suites,"Augusta, GA",$$,300+ Guests,4.3,6,Waterfront hotel with a redesigned guest experience.
Quinney Oaks Plantation,"Millen, GA",$$,300+ Guests,4.8,18,Hosts various events with a special touch.
